Sno,Weight
0,0.068814844
1,0.07224854
2,0.07798089
3,0.081645295
